,
Lam2,
Cat2,
Chi2,
Lif2,
Fox2,
Fua2,
Spa2,
Tan2,
Roo2,
Pen2,
Pen2,
Jol2,
Jol-c2,
Gum2,
Gum-s2,
Vix2,
Hoo2,
Tea2,
Dep2,
Cre2,
Dae2,
Rus2,
Nox2,
Fud2,
Kil2,
Mau2,
Mau-c2,
Cel2,
Dir2,
Toc2,
Flo2,
Moz2,
Bri2,
Gob2,
Gob-i2,
Han2,
Han-c2,
Mos2,
Mos2,
Woo2,
Cap2,
Mel2,
Eik2,
Eik-t2,
Nit2,
Rib2,
Inc2,
Inc-n2,
Cin2,
Ars2,
Dum2,
Caw2,
Lee2,
Lee-i2,
Lou2,
Gal2,
Rob2,
Rob-t2,
Gor2,
Bee2,
Eli2,
Gri2,
Swe2,
Swe2,
Chi2,
Uni2,
Fox2,
Pyr2,
Pyr-n2,
Rei2,
Ray2,
Kit2,
Daz2,
Lun2,
Din2,
Din2,
Sur2,
Sur-t2,
Mar2,
Dig2,
Tom2,
Lov2,
Fla2,
Van2,
Van-c2,
Bus2,
Bea2,
Rag2,
Kat2,
Wix2,
Ver2,
Vae2,
Sib2,
Elp2,
Elp-a2,
Kel2,
Kel-i2,
Azu2,
Cry2,
Bla2,
Bla-n2,
Rel2,
Rel2,
Bro2,
Bro-a2,
Pet2,
Rep2,
Ice2,
Kin2,
Ice2,
Mam2,
Mam-c2,
Wum2,
Wum2,
War2,
Fen2,
Fel2,
Qui2,
Bla2,
Hel2,
Ast2,
Men2,
Anu2,
Jor2,
Jor-i2,
Suz2,
Suz-a2,
Gri2,
Lyl2,
Lyl-n2,
Fal2,
Ors2,
Sha2,
Pal2,
Nec2,
Fro2,
Fro-n2,
Jet2,